,MOMENTUM,LOW_VOL,QUALITY,RS,FACTOR
BULL_EXPANSION,0.0,0.0,0.0,0.0,0.0
SIDEWAYS_LOW_VOL,8579.565645676461,2640.208378006701,4278.787047702912,3281.8921078972267,1407.133193270587
SIDEWAYS_HIGH_VOL,0.0,0.0,0.0,0.0,0.0
BEAR_DISTRIBUTION,0.0,0.0,0.0,0.0,0.0
PANIC,0.0,0.0,0.0,0.0,0.0
RECOVERY,0.0,0.0,0.0,0.0,0.0
