,MOMENTUM,LOW_VOL,QUALITY,RS,FACTOR
BULL_EXPANSION,0.0,0.0,0.0,0.0,0.0
SIDEWAYS_LOW_VOL,8259.54323905876,3329.5891688151532,4188.6803001662265,4763.746896961509,3398.9788696229907
SIDEWAYS_HIGH_VOL,0.0,0.0,0.0,0.0,0.0
BEAR_DISTRIBUTION,0.0,0.0,0.0,0.0,0.0
PANIC,0.0,0.0,0.0,0.0,0.0
RECOVERY,0.0,0.0,0.0,0.0,0.0
