,MOMENTUM,LOW_VOL,QUALITY,RS,FACTOR
BULL_EXPANSION,0.0,0.0,0.0,0.0,0.0
SIDEWAYS_LOW_VOL,13179022.754692636,76722010.76167063,39435462.39972532,10839436.86663131,9147657.70993029
SIDEWAYS_HIGH_VOL,0.0,0.0,0.0,0.0,0.0
BEAR_DISTRIBUTION,0.0,0.0,0.0,0.0,0.0
PANIC,0.0,0.0,0.0,0.0,0.0
RECOVERY,0.0,0.0,0.0,0.0,0.0
