,MOMENTUM,LOW_VOL,QUALITY,RS,FACTOR
BULL_EXPANSION,0.0,0.0,0.0,0.0,0.0
SIDEWAYS_LOW_VOL,3239.8693586375493,2130.445242903524,4885.799656980861,0.0,690.0573684897682
SIDEWAYS_HIGH_VOL,0.0,0.0,0.0,0.0,0.0
BEAR_DISTRIBUTION,0.0,0.0,0.0,0.0,0.0
PANIC,0.0,0.0,0.0,0.0,0.0
RECOVERY,0.0,0.0,0.0,0.0,0.0
