,MOMENTUM,LOW_VOL,QUALITY,RS,FACTOR
BULL_EXPANSION,0.0,0.0,0.0,0.0,0.0
BULL_WEAKENING,0.0,0.0,0.0,0.0,0.0
SIDEWAYS_LOW_VOL,0.0,0.0,0.0,0.0,0.0
SIDEWAYS_HIGH_VOL,113362.59465374102,587157.1043423446,153004.05744793976,243795.17604412598,55369.08290533013
BEAR_DISTRIBUTION,0.0,0.0,0.0,0.0,0.0
PANIC,0.0,0.0,0.0,0.0,0.0
RECOVERY,0.0,0.0,0.0,0.0,0.0
