,MOMENTUM,LOW_VOL,QUALITY,RS,FACTOR
BULL_EXPANSION,0.0,0.0,0.0,0.0,0.0
SIDEWAYS_LOW_VOL,30942800.784978956,83427393.51321813,35803215.35171168,30122366.289631736,40909222.56646962
SIDEWAYS_HIGH_VOL,0.0,0.0,0.0,0.0,0.0
BEAR_DISTRIBUTION,0.0,0.0,0.0,0.0,0.0
PANIC,0.0,0.0,0.0,0.0,0.0
RECOVERY,0.0,0.0,0.0,0.0,0.0
