,MOMENTUM,LOW_VOL,QUALITY,RS,FACTOR
BULL_EXPANSION,0.0,0.0,0.0,0.0,0.0
BULL_WEAKENING,0.0,0.0,0.0,0.0,0.0
SIDEWAYS_LOW_VOL,0.0,0.0,0.0,0.0,0.0
SIDEWAYS_HIGH_VOL,466833.1134570127,1235028.3888825367,422655.61868238996,66611.88545458058,284641.1739340924
BEAR_DISTRIBUTION,0.0,0.0,0.0,0.0,0.0
PANIC,0.0,0.0,0.0,0.0,0.0
RECOVERY,0.0,0.0,0.0,0.0,0.0
