Metric,Value
Top5_Weight,0.20521439961046162
Top10_Weight,0.36787960264768305
HHI,0.02944258324584256
Effective_Positions,33.96441105897883
