Metric,Value
VaR_95,-0.022013502046252034
VaR_99,-0.031519020579292525
CVaR_95,-0.029223965265250694
CVaR_99,-0.03778032086250332
